{"loss": [0.2857978940010071, 0.1784931868314743, 0.12068600207567215, 0.0930044874548912, 0.0647902563214302, 0.06359833478927612, 0.0569031797349453, 0.04587716609239578, 0.044703159481287, 0.04457862675189972], "accuracy": [0.9044965505599976, 0.9394321441650391, 0.9588138461112976, 0.9672933220863342, 0.9771780371665955, 0.9783893823623657, 0.9806667566299438, 0.9851729869842529, 0.9858513474464417, 0.9858028888702393], "val_loss": [0.1605207771062851, 0.11177928745746613, 0.10455518960952759, 0.09006782621145248, 0.03126191720366478, 0.07135748863220215, 0.03827710449695587, 0.051257457584142685, 0.023454628884792328, 0.09178035706281662], "val_accuracy": [0.9467002749443054, 0.9628355503082275, 0.9642407298088074, 0.968940794467926, 0.989679217338562, 0.9749491214752197, 0.9870142340660095, 0.98279869556427, 0.991811215877533, 0.9702490568161011]}